{
  "Create Student Address" : {
    "transaction" : "Create Student Address",
    "sampleCount" : 1000,
    "errorCount" : 137,
    "errorPct" : 13.7,
    "meanResTime" : 3493.7299999999987,
    "medianResTime" : 3552.5,
    "minResTime" : 192.0,
    "maxResTime" : 47571.0,
    "pct1ResTime" : 5902.0,
    "pct2ResTime" : 6332.95,
    "pct3ResTime" : 25595.95,
    "throughput" : 14.61091142865492,
    "receivedKBytesPerSec" : 4.905242531997897,
    "sentKBytesPerSec" : 9.888633464283629
  },
  "Get All Students" : {
    "transaction" : "Get All Students",
    "sampleCount" : 1000,
    "errorCount" : 0,
    "errorPct" : 0.0,
    "meanResTime" : 4923.2450000000035,
    "medianResTime" : 4084.0,
    "minResTime" : 168.0,
    "maxResTime" : 25225.0,
    "pct1ResTime" : 10067.1,
    "pct2ResTime" : 11918.199999999999,
    "pct3ResTime" : 16848.82,
    "throughput" : 14.479742839767166,
    "receivedKBytesPerSec" : 149.78898037270858,
    "sentKBytesPerSec" : 2.7008114085893835
  },
  "Create Student" : {
    "transaction" : "Create Student",
    "sampleCount" : 1000,
    "errorCount" : 137,
    "errorPct" : 13.7,
    "meanResTime" : 15660.758000000003,
    "medianResTime" : 13372.5,
    "minResTime" : 3065.0,
    "maxResTime" : 66640.0,
    "pct1ResTime" : 24620.1,
    "pct2ResTime" : 65826.35,
    "pct3ResTime" : 66400.89,
    "throughput" : 14.985763524651581,
    "receivedKBytesPerSec" : 11.680246539225235,
    "sentKBytesPerSec" : 4.0162138936760075
  },
  "Create Student Technical Skills" : {
    "transaction" : "Create Student Technical Skills",
    "sampleCount" : 1000,
    "errorCount" : 144,
    "errorPct" : 14.4,
    "meanResTime" : 2858.5950000000003,
    "medianResTime" : 3062.5,
    "minResTime" : 200.0,
    "maxResTime" : 38718.0,
    "pct1ResTime" : 5198.799999999999,
    "pct2ResTime" : 6253.899999999997,
    "pct3ResTime" : 13611.610000000002,
    "throughput" : 14.531715469011116,
    "receivedKBytesPerSec" : 4.8990045774903725,
    "sentKBytesPerSec" : 4.713625867361767
  },
  "Total" : {
    "transaction" : "Total",
    "sampleCount" : 6000,
    "errorCount" : 418,
    "errorPct" : 6.9666667,
    "meanResTime" : 6484.079166666674,
    "medianResTime" : 3840.0,
    "minResTime" : 168.0,
    "maxResTime" : 66640.0,
    "pct1ResTime" : 16541.800000000003,
    "pct2ResTime" : 23993.85,
    "pct3ResTime" : 39214.84,
    "throughput" : 78.40574975498203,
    "receivedKBytesPerSec" : 164.4387429557334,
    "sentKBytesPerSec" : 24.152493057824238
  },
  "Get a students Details" : {
    "transaction" : "Get a students Details",
    "sampleCount" : 1000,
    "errorCount" : 0,
    "errorPct" : 0.0,
    "meanResTime" : 6471.594999999993,
    "medianResTime" : 3708.0,
    "minResTime" : 386.0,
    "maxResTime" : 27098.0,
    "pct1ResTime" : 22945.999999999996,
    "pct2ResTime" : 25905.6,
    "pct3ResTime" : 26876.45,
    "throughput" : 14.085498978801326,
    "receivedKBytesPerSec" : 5.8214789553841815,
    "sentKBytesPerSec" : 2.7923401295865906
  },
  "Get a student" : {
    "transaction" : "Get a student",
    "sampleCount" : 1000,
    "errorCount" : 0,
    "errorPct" : 0.0,
    "meanResTime" : 5496.551999999997,
    "medianResTime" : 3022.5,
    "minResTime" : 197.0,
    "maxResTime" : 36585.0,
    "pct1ResTime" : 22348.6,
    "pct2ResTime" : 24799.34999999999,
    "pct3ResTime" : 25690.48,
    "throughput" : 14.615609470914936,
    "receivedKBytesPerSec" : 5.457174551483484,
    "sentKBytesPerSec" : 2.8403381686641334
  }
}